Workbook

Sheet กรอกยอดขาย
A1: CROFFLE & ขนมจีนน้ำเงี้ยว บันทึกยอดขาย
A2: วันที่
A3: กรอกจำนวนในช่องสีฟ้า ตัวเลขอื่นคำนวณอัตโนมัติ
A4: เมนู | B4: ราคาขาย (฿) | C4: ต้นทุน (฿) | D4: จำนวน (กล่อง/ถ้วย) | E4: รายรับ (฿) | F4: ต้นทุนรวม (฿) | G4: กำไร (฿)
A5: 🥐 ครอฟเฟิล
A6: 🍫 หวานน้อย ธรรมดา | B6: =ตนทุนครอฟเฟิล!B3 -> 45 | C6: =ตนทุนครอฟเฟิล!C3 -> 16.61 | D6: 0 | E6: =B6*D6 -> 0 | F6: =C6*D6 -> 0 | G6: =E6-F6 -> 0
A7: 🍫 หวานปกติ ธรรมดา | B7: =ตนทุนครอฟเฟิล!B4 -> 45 | C7: =ตนทุนครอฟเฟิล!C4 -> 16.61 | D7: 0 | E7: =B7*D7 -> 0 | F7: =C7*D7 -> 0 | G7: =E7-F7 -> 0
A8: 🍯 นูเทลา นูเทลา | B8: =ตนทุนครอฟเฟิล!B5 -> 55 | C8: =ตนทุนครอฟเฟิล!C5 -> 22.61 | D8: 0 | E8: =B8*D8 -> 0 | F8: =C8*D8 -> 0 | G8: =E8-F8 -> 0
A9: 🥜 เนยถั่ว เนยถั่ว | B9: =ตนทุนครอฟเฟิล!B6 -> 55 | C9: =ตนทุนครอฟเฟิล!C6 -> 18.04 | D9: 0 | E9: =B9*D9 -> 0 | F9: =C9*D9 -> 0 | G9: =E9-F9 -> 0
A10: 🍜 ขนมจีนน้ำเงี้ยว
A11: 🍜 ขนมจีนน้ำเงี้ยว | B11: 60 | C11: =ตนทุนขนมจีน!F16 -> 34.095 | D11: 0 | E11: =B11*D11 -> 0 | F11: =C11*D11 -> 0 | G11: =E11-F11 -> 0
A12: ✅ ขนมจีนน้ำเงี้ยว: ต้นทุน ~42.33 ฿ กำไร ~17.67 ฿ (29.5%) ราคาขาย 60 ฿ เหมาะสมแล้ว
A14: รวมทั้งหมด | D14: =D6+D7+D8+D9+D11 -> 0 | E14: =E6+E7+E8+E9+E11 -> 0 | F14: =F6+F7+F8+F9+F11 -> 0 | G14: =G6+G7+G8+G9+G11 -> 0
A16: กำไรสุทธิวันนี้ | D16: =G14 -> 0
A17: อัตรากำไร (%) | D17: =IF(E14>0,G14/E14,0) -> 0

Sheet ตนทุนครอฟเฟิล
A1: ครอฟเฟิล — ราคาขายและต้นทุน
A2: เมนู | B2: ราคาขาย (฿) | C2: ต้นทุน (฿) | D2: กำไร (฿) | E2: กำไร %
A3: ธรรมดา หวานน้อย (2 ชิ้น/กล่อง) | B3: 45 | C3: 16.61 | D3: =B3-C3 -> 28.39 | E3: =IF(B3>0,D3/B3,0) -> 0.63088889
A4: ธรรมดา หวานปกติ (2 ชิ้น/กล่อง) | B4: 45 | C4: 16.61 | D4: =B4-C4 -> 28.39 | E4: =IF(B4>0,D4/B4,0) -> 0.63088889
A5: นูเทลา (1 ชิ้น/กล่อง) | B5: 55 | C5: 22.61 | D5: =B5-C5 -> 32.39 | E5: =IF(B5>0,D5/B5,0) -> 0.58890909
A6: เนยถั่ว (1 ชิ้น/กล่อง) | B6: 55 | C6: 18.04 | D6: =B6-C6 -> 36.96 | E6: =IF(B6>0,D6/B6,0) -> 0.672

Sheet ตนทุนขนมจีน
A1: ขนมจีนน้ำเงี้ยว — ต้นทุนต่อถ้วย
A2: วัตถุดิบ | B2: ราคา (฿) | C2: ปริมาณ | D2: หน่วย | E2: ถ้วยที่ได้ | F2: ต้นทุน/ถ้วย | G2: หมายเหตุ
A3: เส้นขนมจีน | B3: 34 | C3: 1 | D3: kg | E3: 6 | F3: =B3/E3 -> 5.6666667 | G3: 150 g/ถ้วย
A4: มะเขือเทศ | B4: 20 | C4: 1 | D4: ชุด | E4: 10 | F4: =B4/E4 -> 2
A5: น้ำพริก | B5: 170 | C5: 500 | D5: g | E5: 50 | F5: =B5/E5 -> 3.4 | G5: 10 g/ถ้วย
A6: เลือด | B6: 22 | C6: 400 | D6: g | E6: 6 | F6: =B6/E6 -> 3.6666667 | G6: 80 g/ถ้วย
A7: ซี่โครงหมู | B7: 98 | C7: 0.672 | D7: kg | E7: 10 | F7: =B7/E7 -> 9.8 | G7: 112 g/ถ้วย
A8: ผักดอง | B8: 65 | C8: 1000 | D8: g | E8: 50 | F8: =B8/E8 -> 1.3 | G8: 20 g/ถ้วย
A9: ถั่วงอก | B9: 15 | C9: 500 | D9: g | E9: 20 | F9: =B9/E9 -> 0.75 | G9: 25 g/ถ้วย
A10: มะนาว | B10: 20 | C10: 3 | D10: ลูก | E10: 12 | F10: =B10/E10 -> 1.6666667 | G10: 1/4 ลูก/ถ้วย
A11: กระเทียม | B11: 20 | C11: 100 | D11: g | E11: 10 | F11: =B11/E11 -> 2
A12: พริกป่น | B12: 20 | C12: 1 | D12: ชุด | E12: 50 | F12: =B12/E12 -> 0.4
A13: กล่อง | B13: 139 | C13: 50 | D13: ใบ | E13: 50 | F13: =B13/E13 -> 2.78 | G13: 1 ใบ/ถ้วย
A14: ถุงใหญ่ | B14: 55 | C14: 200 | D14: ใบ | E14: 200 | F14: =B14/E14 -> 0.275 | G14: 1 ใบ/ถ้วย
A15: ถุงเล็ก | B15: 39 | C15: 100 | D15: ใบ | E15: 100 | F15: =B15/E15 -> 0.39 | G15: 1 ใบ/ถ้วย
A16: รวมต้นทุน/ถ้วย | F16: =SUM(F3:F15) -> 34.095
A17: กำไร/ถ้วย (ขายที่ 60 บาท) | F17: =60-F16 -> 25.905
A18: ✅ ต้นทุนใหม่ ~42.33 ฿/ถ้วย | กำไร ~17.67 ฿ (29.5%) | ราคาขาย 60 ฿ เหมาะสม
