Workbook

Sheet 🧾 วัตถุดิบ
A1: 🥐 CROFFLE — ตารางวัตถุดิบและต้นทุนต่อหน่วย
A2: กรอกราคาและปริมาณในคอลัมน์สีน้ำเงิน — ระบบคำนวณต้นทุนต่อหน่วยให้อัตโนมัติ
A3: # | B3: วัตถุดิบ | C3: ราคาที่ซื้อ (฿) | D3: ปริมาณที่ได้ | E3: หน่วย | F3: ราคาต่อหน่วย (฿) | G3: ปริมาณใช้/ชิ้น | H3: ต้นทุน/ชิ้น (฿)
A4: 1 | B4: ตัวขนม (แป้งครอฟเฟิล) | C4: 120 | D4: 20 | E4: ชิ้น | F4: =C4/D4 -> 6 | G4: 1 | H4: =F4*G4 -> 6
A5: 2 | B5: กล่อง + ถุง | C5: 165 | D5: 50 | E5: กล่อง | F5: =C5/D5 -> 3.3 | G5: 1 | H5: =F5*G5 -> 3.3
A6: 3 | B6: แผ่นรองขนม | C6: 41 | D6: 100 | E6: แผ่น | F6: =C6/D6 -> 0.41 | G6: 1 | H6: =F6*G6 -> 0.41
A7: 4 | B7: เนย | C7: 45 | D7: 100 | E7: ชิ้น | F7: =C7/D7 -> 0.45 | G7: 1 | H7: =F7*G7 -> 0.45
A8: 5 | B8: น้ำตาลคาราเมล | C8: 40 | D8: 1000 | E8: กรัม | F8: =C8/D8 -> 0.04 | G8: 30 | H8: =F8*G8 -> 1.2
A9: 6 | B9: นูเทลา (topping) | C9: 150 | D9: 200 | E9: กรัม | F9: =C9/D9 -> 0.75 | G9: 15 | H9: =F9*G9 -> 11.25
A10: 7 | B10: เนยถั่ว (topping) | C10: 89 | D10: 200 | E10: กรัม | F10: =C10/D10 -> 0.445 | G10: 15 | H10: =F10*G10 -> 6.675
A12: 🔵 คอลัมน์สีน้ำเงิน = แก้ไขได้ | คอลัมน์เขียว = คำนวณอัตโนมัติ

Sheet 💰 ต้นทุน & ราคาขาย
A1: 🥐 CROFFLE — ต้นทุนและราคาขาย | 3 สูตร
A2: ธรรมดา (1 ชิ้น / 2 ชิ้น) • นูเทลา (1 ชิ้น) • เนยถั่ว (1 ชิ้น)
A4: 📌 ต้นทุนต่อชิ้น (อ้างจากชีทวัตถุดิบ)
A5: ตัวขนม/ชิ้น | C5: ='🧾 วัตถุดิบ'!H4 -> 6 | D5: ฿/ชิ้น
A6: กล่อง+ถุง/กล่อง | C6: ='🧾 วัตถุดิบ'!H5 -> 3.3 | D6: ฿/ชิ้น
A7: แผ่นรอง/กล่อง | C7: ='🧾 วัตถุดิบ'!H6 -> 0.41 | D7: ฿/ชิ้น
A8: เนย/ชิ้น | C8: ='🧾 วัตถุดิบ'!H7 -> 0.45 | D8: ฿/ชิ้น
A9: คาราเมล/ชิ้น | C9: ='🧾 วัตถุดิบ'!H8 -> 1.2 | D9: ฿/ชิ้น
A10: นูเทลา/ชิ้น | C10: ='🧾 วัตถุดิบ'!H9 -> 11.25 | D10: ฿/ชิ้น
A11: เนยถั่ว/ชิ้น | C11: ='🧾 วัตถุดิบ'!H10 -> 6.675 | D11: ฿/ชิ้น
A13: เมนู | B13: จำนวนชิ้น /กล่อง | C13: ขนม (฿) | D13: กล่อง+ถุง (฿) | E13: แผ่นรอง (฿) | F13: เนย (฿) | G13: คาราเมล (฿) | H13: Topping (฿) | I13: ต้นทุน/กล่อง (฿) | J13: ราคาขาย (฿) | K13: กำไร/กล่อง (฿) | L13: กำไร %
A14: 🍫 ธรรมดา — 1 ชิ้น/กล่อง | B14: 1 | C14: =('🧾 วัตถุดิบ'!H4)*1 -> 6 | D14: ='🧾 วัตถุดิบ'!H5 -> 3.3 | E14: ='🧾 วัตถุดิบ'!H6 -> 0.41 | F14: =('🧾 วัตถุดิบ'!H7)*1 -> 0.45 | G14: 0 | H14: 0 | I14: =C14+D14+E14+F14+G14+H14 -> 10.16 | J14: 25 | K14: =J14-I14 -> 14.84 | L14: =IF(J14>0,K14/J14,0) -> 0.5936
A15: 🍫 ธรรมดา — 2 ชิ้น/กล่อง (โปร) | B15: 2 | C15: =('🧾 วัตถุดิบ'!H4)*2 -> 12 | D15: ='🧾 วัตถุดิบ'!H5 -> 3.3 | E15: ='🧾 วัตถุดิบ'!H6 -> 0.41 | F15: =('🧾 วัตถุดิบ'!H7)*2 -> 0.9 | G15: 0 | H15: 0 | I15: =C15+D15+E15+F15+G15+H15 -> 16.61 | J15: 45 | K15: =J15-I15 -> 28.39 | L15: =IF(J15>0,K15/J15,0) -> 0.63088889
A16: 🍯 นูเทลา — 1 ชิ้น/กล่อง | B16: 1 | C16: =('🧾 วัตถุดิบ'!H4)*1 -> 6 | D16: ='🧾 วัตถุดิบ'!H5 -> 3.3 | E16: ='🧾 วัตถุดิบ'!H6 -> 0.41 | F16: =('🧾 วัตถุดิบ'!H7)*1 -> 0.45 | G16: =('🧾 วัตถุดิบ'!H8)*1 -> 1.2 | H16: ='🧾 วัตถุดิบ'!H9 -> 11.25 | I16: =C16+D16+E16+F16+G16+H16 -> 22.61 | J16: 55 | K16: =J16-I16 -> 32.39 | L16: =IF(J16>0,K16/J16,0) -> 0.58890909
A17: 🥜 เนยถั่ว — 1 ชิ้น/กล่อง | B17: 1 | C17: =('🧾 วัตถุดิบ'!H4)*1 -> 6 | D17: ='🧾 วัตถุดิบ'!H5 -> 3.3 | E17: ='🧾 วัตถุดิบ'!H6 -> 0.41 | F17: =('🧾 วัตถุดิบ'!H7)*1 -> 0.45 | G17: =('🧾 วัตถุดิบ'!H8)*1 -> 1.2 | H17: ='🧾 วัตถุดิบ'!H10 -> 6.675 | I17: =C17+D17+E17+F17+G17+H17 -> 18.035 | J17: 45 | K17: =J17-I17 -> 26.965 | L17: =IF(J17>0,K17/J17,0) -> 0.59922222
A19: 🔵 ราคาขาย (คอลัมน์ J) แก้ไขได้ตามต้องการ — กำไรจะคำนวณใหม่อัตโนมัติ

Sheet 📊 บันทึกรายรับ
A1: 🥐 CROFFLE — บันทึกยอดขายรายวัน + แดชบอร์ด
A2: กรอกจำนวนกล่องที่ขายในคอลัมน์ D (สีน้ำเงิน) — ระบบคำนวณกำไรอัตโนมัติ
A3: เมนู | B3: ราคาขาย (฿) | C3: ต้นทุน/กล่อง (฿) | D3: จำนวนที่ขาย (กล่อง) | E3: รายรับ (฿) | F3: ต้นทุนรวม (฿) | G3: กำไรสุทธิ (฿) | H3: กำไร %
A4: 🍫 ธรรมดา 1 ชิ้น | B4: ='💰 ต้นทุน & ราคาขาย'!J14 -> 25 | C4: ='💰 ต้นทุน & ราคาขาย'!I14 -> 10.16 | E4: =B4*D4 -> 0 | F4: =C4*D4 -> 0 | G4: =E4-F4 -> 0 | H4: =IF(E4>0,G4/E4,0) -> 0
A5: 🍫 ธรรมดา 2 ชิ้น (โปร) | B5: ='💰 ต้นทุน & ราคาขาย'!J15 -> 45 | C5: ='💰 ต้นทุน & ราคาขาย'!I15 -> 16.61 | D5: 10 | E5: =B5*D5 -> 450 | F5: =C5*D5 -> 166.1 | G5: =E5-F5 -> 283.9 | H5: =IF(E5>0,G5/E5,0) -> 0.63088889
A6: 🍯 นูเทลา 1 ชิ้น | B6: ='💰 ต้นทุน & ราคาขาย'!J16 -> 55 | C6: ='💰 ต้นทุน & ราคาขาย'!I16 -> 22.61 | D6: 5 | E6: =B6*D6 -> 275 | F6: =C6*D6 -> 113.05 | G6: =E6-F6 -> 161.95 | H6: =IF(E6>0,G6/E6,0) -> 0.58890909
A7: 🥜 เนยถั่ว 1 ชิ้น | B7: ='💰 ต้นทุน & ราคาขาย'!J17 -> 45 | C7: ='💰 ต้นทุน & ราคาขาย'!I17 -> 18.035 | D7: 5 | E7: =B7*D7 -> 225 | F7: =C7*D7 -> 90.175 | G7: =E7-F7 -> 134.825 | H7: =IF(E7>0,G7/E7,0) -> 0.59922222
A8: 📦 รวมทั้งหมด | D8: =SUM(D4:D7) -> 20 | E8: =SUM(E4:E7) -> 950 | F8: =SUM(F4:F7) -> 369.325 | G8: =SUM(G4:G7) -> 580.675 | H8: =IF(E8>0,G8/E8,0) -> 0.61123684
A10: 📊 แดชบอร์ดสรุปยอดประจำวัน
A11: 💰 รายรับรวม | B11: 📦 ต้นทุนรวม | D11: ✨ กำไรสุทธิ | F11: 📈 กำไร % | H11: 🛒 กล่องรวม
A12: =E8 -> 950 | B12: =F8 -> 369.325 | D12: =G8 -> 580.675 | F12: =IF(E8>0,G8/E8,0) -> 0.61123684 | H12: =D8 -> 20
A13: ฿ | B13: ฿ | D13: ฿ | H13: กล่อง

Sheet 🚀 แอปเดลิเวอรี่
A1: 🥐 CROFFLE — ราคาสำหรับแอปเดลิเวอรี่ (GrabFood / LINE MAN / Foodpanda)
A2: % Commission แอป: | C2: 0.3 | D2: ← แก้ไขได้ (GrabFood/LINE MAN = 30%, Foodpanda = 30-35%)
A4: เมนู | B4: ราคาขายปกติ (฿) | C4: ต้นทุน/กล่อง (฿) | D4: % GP | E4: ราคา Break-even ในแอป (฿) | F4: ราคาแนะนำตั้งในแอป (฿) | G4: กำไรหลัง GP (฿) | H4: กำไร %
A5: ='💰 ต้นทุน & ราคาขาย'!A14 -> 🍫 ธรรมดา — 1 ชิ้น/กล่อง | B5: ='💰 ต้นทุน & ราคาขาย'!J14 -> 25 | C5: ='💰 ต้นทุน & ราคาขาย'!I14 -> 10.16 | D5: =$C$2 -> 0.3 | E5: ='💰 ต้นทุน & ราคาขาย'!J14/(1-$C$2) -> 35.714286 | F5: 36 | G5: =F5*(1-$C$2)-C5 -> 15.04 | H5: =IF(F5>0,G5/F5,0) -> 0.41777778
A6: ='💰 ต้นทุน & ราคาขาย'!A15 -> 🍫 ธรรมดา — 2 ชิ้น/กล่อง (โปร) | B6: ='💰 ต้นทุน & ราคาขาย'!J15 -> 45 | C6: ='💰 ต้นทุน & ราคาขาย'!I15 -> 16.61 | D6: =$C$2 -> 0.3 | E6: ='💰 ต้นทุน & ราคาขาย'!J15/(1-$C$2) -> 64.285714 | F6: 59 | G6: =F6*(1-$C$2)-C6 -> 24.69 | H6: =IF(F6>0,G6/F6,0) -> 0.41847458
A7: ='💰 ต้นทุน & ราคาขาย'!A16 -> 🍯 นูเทลา — 1 ชิ้น/กล่อง | B7: ='💰 ต้นทุน & ราคาขาย'!J16 -> 55 | C7: ='💰 ต้นทุน & ราคาขาย'!I16 -> 22.61 | D7: =$C$2 -> 0.3 | E7: ='💰 ต้นทุน & ราคาขาย'!J16/(1-$C$2) -> 78.571429 | F7: 79 | G7: =F7*(1-$C$2)-C7 -> 32.69 | H7: =IF(F7>0,G7/F7,0) -> 0.41379747
A8: ='💰 ต้นทุน & ราคาขาย'!A17 -> 🥜 เนยถั่ว — 1 ชิ้น/กล่อง | B8: ='💰 ต้นทุน & ราคาขาย'!J17 -> 45 | C8: ='💰 ต้นทุน & ราคาขาย'!I17 -> 18.035 | D8: =$C$2 -> 0.3 | E8: ='💰 ต้นทุน & ราคาขาย'!J17/(1-$C$2) -> 64.285714 | F8: 65 | G8: =F8*(1-$C$2)-C8 -> 27.465 | H8: =IF(F8>0,G8/F8,0) -> 0.42253846
A11: 💡 เคล็ดลับขายในแอปเดลิเวอรี่
A12: 1️⃣ ตั้งราคาในแอปสูงกว่าราคาหน้าร้าน ~43% เพื่อครอบคลุม GP 30% และยังมีกำไรเท่าเดิม
A13: 2️⃣ ใส่รูปสวย ชัดเจน — รูปภาพดีช่วยให้ยอดคลิกและออเดอร์เพิ่มขึ้นกว่า 2 เท่า
A14: 3️⃣ เปิดขายช่วง 10.00-20.00 โดยเน้น 14.00-17.00 (afternoon snack peak)
A15: 4️⃣ ตั้ง MOQ 1 กล่อง แต่ทำโปรซื้อ 2 กล่องขึ้นไปลด 10% ดึงยอดเพิ่ม
A16: 5️⃣ ขอ Rating หลังส่งทุกออเดอร์ — Rating 4.5+ ช่วยให้ติด Featured ในแอป
A17: 6️⃣ ทำรูป packaging สวย ลูกค้าแชร์ IG/TikTok = โฆษณาฟรี
