Workbook

Sheet 🧾 วัตถุดิบ
A1: 🥐 CROFFLE — ตารางต้นทุนวัตถุดิบ
A2: # | B2: วัตถุดิบ | C2: ราคา (฿) | D2: ปริมาณ/แพ็ค | E2: หน่วย | F2: ราคาต่อหน่วย (฿) | G2: หมายเหตุ
A3: 1 | B3: ตัวขนม (แป้งครอฟเฟิล) | C3: 120 | D3: 20 | E3: ชิ้น | F3: =C3/D3 -> 6 | G3: ต้นทุนหลัก/ชิ้น
A4: 2 | B4: กล่อง + ถุง | C4: 165 | D4: 50 | E4: กล่อง | F4: =C4/D4 -> 3.3 | G4: บรรจุภัณฑ์/กล่อง
A5: 3 | B5: แผ่นรองขนม | C5: 41 | D5: 100 | E5: แผ่น | F5: =C5/D5 -> 0.41 | G5: 1 แผ่น/กล่อง
A6: 4 | B6: เนย | C6: 45 | D6: 50 | E6: กรัม | F6: =C6/D6 -> 0.9 | G6: ใช้ ≤1 กรัม/ชิ้น
A7: 5 | B7: น้ำตาลคาราเมล | C7: 40 | D7: 1000 | E7: กรัม | F7: =C7/D7 -> 0.04 | G7: ใช้ ~10 กรัม/ชิ้น
A8: 6 | B8: นูเทลา (topping) | C8: 150 | D8: 200 | E8: กรัม | F8: =C8/D8 -> 0.75 | G8: ใช้ ~10 กรัม/ชิ้น
A9: 7 | B9: เนยถั่ว (topping) | C9: 89 | D9: 200 | E9: กรัม | F9: =C9/D9 -> 0.445 | G9: ใช้ ~10 กรัม/ชิ้น
A11: 💡 สมมติฐานปริมาณที่ใช้ต่อชิ้น
A12: • เนย | B12: ≤1 กรัม/ชิ้น | C12: ทาบางๆ
A13: • น้ำตาลคาราเมล | B13: 10 กรัม/ชิ้น | C13: สามารถปรับได้ในชีทต้นทุน
A14: • นูเทลา | B14: 10 กรัม/ชิ้น | C14: บีบเป็น topping
A15: • เนยถั่ว | B15: 10 กรัม/ชิ้น | C15: บีบเป็น topping

Sheet 💰 ต้นทุน & ราคาขาย
A1: 🥐 CROFFLE — ต้นทุนและราคาขาย (ต่อกล่อง 2 ชิ้น)
H2: 📌 ราคาต่อหน่วย (อ้างอิงจากชีท วัตถุดิบ)
H3: ตัวขนม/ชิ้น | I3: ='🧾 วัตถุดิบ'!F3 -> 6 | J3: ฿/หน่วย
H4: กล่อง+ถุง/กล่อง | I4: ='🧾 วัตถุดิบ'!F4 -> 3.3 | J4: ฿/หน่วย
H5: แผ่นรอง/กล่อง | I5: ='🧾 วัตถุดิบ'!F5 -> 0.41 | J5: ฿/หน่วย
H6: เนย/กรัม | I6: ='🧾 วัตถุดิบ'!F6 -> 0.9 | J6: ฿/หน่วย
H7: คาราเมล/กรัม | I7: ='🧾 วัตถุดิบ'!F7 -> 0.04 | J7: ฿/หน่วย
H8: นูเทลา/กรัม | I8: ='🧾 วัตถุดิบ'!F8 -> 0.75 | J8: ฿/หน่วย
H9: เนยถั่ว/กรัม | I9: ='🧾 วัตถุดิบ'!F9 -> 0.445 | J9: ฿/หน่วย
A11: เมนู | B11: ตัวขนม (×2) | C11: กล่อง+ถุง (×1) | D11: แผ่นรอง (×1) | E11: เนย (×2) | F11: คาราเมล (×2) | G11: Topping (×1 หรือ ×2) | H11: ต้นทุน/กล่อง (฿) | I11: ราคาขาย (฿) | J11: กำไร/กล่อง (฿) | K11: กำไร %
A12: 🍫 ออริจินัล (Original) | B12: =$I$3*2 -> 12 | C12: =$I$4 -> 3.3 | D12: =$I$5 -> 0.41 | E12: =$I$6*1*2 -> 1.8 | F12: =$I$7*10*2 -> 0.8 | G12: 0 | H12: =B12+C12+D12+E12+F12+G12 -> 18.31 | I12: 45 | J12: =I12-H12 -> 26.69 | K12: =IF(I12>0,J12/I12,0) -> 0.59311111
A13: 🍫 นูเทลา × 2 | B13: =$I$3*2 -> 12 | C13: =$I$4 -> 3.3 | D13: =$I$5 -> 0.41 | E13: =$I$6*1*2 -> 1.8 | F13: =$I$7*10*2 -> 0.8 | G13: =$I$8*10*2 -> 15 | H13: =B13+C13+D13+E13+F13+G13 -> 33.31 | I13: 79 | J13: =I13-H13 -> 45.69 | K13: =IF(I13>0,J13/I13,0) -> 0.57835443
A14: 🥜 เนยถั่ว × 2 | B14: =$I$3*2 -> 12 | C14: =$I$4 -> 3.3 | D14: =$I$5 -> 0.41 | E14: =$I$6*1*2 -> 1.8 | F14: =$I$7*10*2 -> 0.8 | G14: =$I$9*10*2 -> 8.9 | H14: =B14+C14+D14+E14+F14+G14 -> 27.21 | I14: 65 | J14: =I14-H14 -> 37.79 | K14: =IF(I14>0,J14/I14,0) -> 0.58138462
A15: 🍫🥜 คละ: นูเทลา + เนยถั่ว | B15: =$I$3*2 -> 12 | C15: =$I$4 -> 3.3 | D15: =$I$5 -> 0.41 | E15: =$I$6*1*2 -> 1.8 | F15: =$I$7*10*2 -> 0.8 | G15: =$I$8*10*1+$I$9*10*1 -> 11.95 | H15: =B15+C15+D15+E15+F15+G15 -> 30.26 | I15: 75 | J15: =I15-H15 -> 44.74 | K15: =IF(I15>0,J15/I15,0) -> 0.59653333
A16: 🍫 คละ: ออริ + นูเทลา | B16: =$I$3*2 -> 12 | C16: =$I$4 -> 3.3 | D16: =$I$5 -> 0.41 | E16: =$I$6*1*2 -> 1.8 | F16: =$I$7*10*2 -> 0.8 | G16: =$I$8*10*1 -> 7.5 | H16: =B16+C16+D16+E16+F16+G16 -> 25.81 | I16: 65 | J16: =I16-H16 -> 39.19 | K16: =IF(I16>0,J16/I16,0) -> 0.60292308
A17: 🥜 คละ: ออริ + เนยถั่ว | B17: =$I$3*2 -> 12 | C17: =$I$4 -> 3.3 | D17: =$I$5 -> 0.41 | E17: =$I$6*1*2 -> 1.8 | F17: =$I$7*10*2 -> 0.8 | G17: =$I$9*10*1 -> 4.45 | H17: =B17+C17+D17+E17+F17+G17 -> 22.76 | I17: 55 | J17: =I17-H17 -> 32.24 | K17: =IF(I17>0,J17/I17,0) -> 0.58618182
A19: 🔵 = ตัวเลขที่แก้ไขได้ (ราคาขาย) | ปรับราคาขายในคอลัมน์ I ได้ตามต้องการ

Sheet 📊 บันทึกรายรับ
A1: 🥐 CROFFLE — บันทึกยอดขายรายวัน
A2: 📋 สรุปยอดวันนี้ — กรอกจำนวนกล่องที่ขายในคอลัมน์ D
A3: เมนู | B3: ราคาขาย | C3: ต้นทุน/กล่อง | D3: จำนวนขาย (กล่อง) | E3: รายรับ (฿) | F3: ต้นทุนรวม (฿) | G3: กำไรสุทธิ (฿) | H3: กำไร %
A4: 🍫 ออริจินัล | B4: ='💰 ต้นทุน & ราคาขาย'!I12 -> 45 | C4: ='💰 ต้นทุน & ราคาขาย'!H12 -> 18.31 | D4: 10 | E4: =B4*D4 -> 450 | F4: =C4*D4 -> 183.1 | G4: =E4-F4 -> 266.9 | H4: =IF(E4>0,G4/E4,0) -> 0.59311111
A5: 🍫 นูเทลา × 2 | B5: ='💰 ต้นทุน & ราคาขาย'!I13 -> 79 | C5: ='💰 ต้นทุน & ราคาขาย'!H13 -> 33.31 | D5: 5 | E5: =B5*D5 -> 395 | F5: =C5*D5 -> 166.55 | G5: =E5-F5 -> 228.45 | H5: =IF(E5>0,G5/E5,0) -> 0.57835443
A6: 🥜 เนยถั่ว × 2 | B6: ='💰 ต้นทุน & ราคาขาย'!I14 -> 65 | C6: ='💰 ต้นทุน & ราคาขาย'!H14 -> 27.21 | D6: 8 | E6: =B6*D6 -> 520 | F6: =C6*D6 -> 217.68 | G6: =E6-F6 -> 302.32 | H6: =IF(E6>0,G6/E6,0) -> 0.58138462
A7: 🍫🥜 นูเทลา + เนยถั่ว | B7: ='💰 ต้นทุน & ราคาขาย'!I15 -> 75 | C7: ='💰 ต้นทุน & ราคาขาย'!H15 -> 30.26 | D7: 3 | E7: =B7*D7 -> 225 | F7: =C7*D7 -> 90.78 | G7: =E7-F7 -> 134.22 | H7: =IF(E7>0,G7/E7,0) -> 0.59653333
A8: 🍫 ออริ + นูเทลา | B8: ='💰 ต้นทุน & ราคาขาย'!I16 -> 65 | C8: ='💰 ต้นทุน & ราคาขาย'!H16 -> 25.81 | D8: 6 | E8: =B8*D8 -> 390 | F8: =C8*D8 -> 154.86 | G8: =E8-F8 -> 235.14 | H8: =IF(E8>0,G8/E8,0) -> 0.60292308
A9: 🥜 ออริ + เนยถั่ว | B9: ='💰 ต้นทุน & ราคาขาย'!I17 -> 55 | C9: ='💰 ต้นทุน & ราคาขาย'!H17 -> 22.76 | D9: 4 | E9: =B9*D9 -> 220 | F9: =C9*D9 -> 91.04 | G9: =E9-F9 -> 128.96 | H9: =IF(E9>0,G9/E9,0) -> 0.58618182
A10: 📦 รวมทั้งหมด | D10: =SUM(D4:D9) -> 36 | E10: =SUM(E4:E9) -> 2200 | F10: =SUM(F4:F9) -> 904.01 | G10: =SUM(G4:G9) -> 1295.99 | H10: =IF(E10>0,G10/E10,0) -> 0.58908636
A12: 💡 กรอกจำนวนกล่องที่ขายในคอลัมน์ D (สีน้ำเงิน) — ตัวเลขอื่นคำนวณอัตโนมัติ
A14: 📊 แดชบอร์ดกราฟวิเคราะห์ยอดขาย
A15: 💰 รายรับรวม (฿) | C15: 📦 ต้นทุนรวม (฿) | E15: ✨ กำไรสุทธิ (฿) | G15: 📈 กำไร % | I15: 🛒 กล่องรวม
A16: =E10 -> 2200 | C16: =F10 -> 904.01 | E16: =G10 -> 1295.99 | G16: =IF(E10>0,G10/E10,0) -> 0.58908636 | I16: =D10 -> 36
A52: 📝 กราฟอัปเดตอัตโนมัติเมื่อแก้ไขจำนวนกล่องที่ขาย (คอลัมน์ D) — ตัวเลขตัวอย่างใส่ไว้ให้ดูก่อน

Sheet 🚀 แอปเดลิเวอรี่
A1: 🥐 CROFFLE — ราคาสำหรับแอปเดลิเวอรี่ (GrabFood / LINE MAN / Foodpanda)
A2: % Commission แอป (ปกติ 30%): | D2: 0.3 | E2: ← แก้ไขได้
A3: หมายเหตุ: ราคาในแอปควรปัดขึ้นให้เป็นตัวเลขสวย (เช่น 65, 79, 89)
A5: เมนู | B5: ราคาขายปกติ (฿) | C5: ต้นทุน/กล่อง (฿) | D5: % Commission | E5: ราคาขายในแอป (Break-even) | F5: แนะนำตั้งราคา (฿) | G5: กำไรหลังหักค่า GP (฿) | H5: กำไร % | I5: ตั้งราคา Grab (฿) | J5: ตั้งราคา LINE MAN (฿)
A6: 🍫 ออริจินัล | B6: ='💰 ต้นทุน & ราคาขาย'!I12 -> 45 | C6: ='💰 ต้นทุน & ราคาขาย'!H12 -> 18.31 | D6: =$D$2 -> 0.3 | E6: ='💰 ต้นทุน & ราคาขาย'!I12/(1-$D$2) -> 64.285714 | F6: 65 | G6: =F6*(1-$D$2)-C6 -> 27.19 | H6: =IF(F6>0,G6/F6,0) -> 0.41830769 | I6: 65 | J6: 65
A7: 🍫 นูเทลา × 2 | B7: ='💰 ต้นทุน & ราคาขาย'!I13 -> 79 | C7: ='💰 ต้นทุน & ราคาขาย'!H13 -> 33.31 | D7: =$D$2 -> 0.3 | E7: ='💰 ต้นทุน & ราคาขาย'!I13/(1-$D$2) -> 112.85714 | F7: 115 | G7: =F7*(1-$D$2)-C7 -> 47.19 | H7: =IF(F7>0,G7/F7,0) -> 0.41034783 | I7: 115 | J7: 115
A8: 🥜 เนยถั่ว × 2 | B8: ='💰 ต้นทุน & ราคาขาย'!I14 -> 65 | C8: ='💰 ต้นทุน & ราคาขาย'!H14 -> 27.21 | D8: =$D$2 -> 0.3 | E8: ='💰 ต้นทุน & ราคาขาย'!I14/(1-$D$2) -> 92.857143 | F8: 95 | G8: =F8*(1-$D$2)-C8 -> 39.29 | H8: =IF(F8>0,G8/F8,0) -> 0.41357895 | I8: 95 | J8: 95
A9: 🍫🥜 นูเทลา + เนยถั่ว | B9: ='💰 ต้นทุน & ราคาขาย'!I15 -> 75 | C9: ='💰 ต้นทุน & ราคาขาย'!H15 -> 30.26 | D9: =$D$2 -> 0.3 | E9: ='💰 ต้นทุน & ราคาขาย'!I15/(1-$D$2) -> 107.14286 | F9: 109 | G9: =F9*(1-$D$2)-C9 -> 46.04 | H9: =IF(F9>0,G9/F9,0) -> 0.42238532 | I9: 109 | J9: 109
A10: 🍫 ออริ + นูเทลา | B10: ='💰 ต้นทุน & ราคาขาย'!I16 -> 65 | C10: ='💰 ต้นทุน & ราคาขาย'!H16 -> 25.81 | D10: =$D$2 -> 0.3 | E10: ='💰 ต้นทุน & ราคาขาย'!I16/(1-$D$2) -> 92.857143 | F10: 95 | G10: =F10*(1-$D$2)-C10 -> 40.69 | H10: =IF(F10>0,G10/F10,0) -> 0.42831579 | I10: 95 | J10: 95
A11: 🥜 ออริ + เนยถั่ว | B11: ='💰 ต้นทุน & ราคาขาย'!I17 -> 55 | C11: ='💰 ต้นทุน & ราคาขาย'!H17 -> 22.76 | D11: =$D$2 -> 0.3 | E11: ='💰 ต้นทุน & ราคาขาย'!I17/(1-$D$2) -> 78.571429 | F11: 79 | G11: =F11*(1-$D$2)-C11 -> 32.54 | H11: =IF(F11>0,G11/F11,0) -> 0.41189873 | I11: 79 | J11: 79
A14: 💡 เคล็ดลับการลงขายในแอปเดลิเวอรี่
A15: 1️⃣ ตั้งราคาในแอปสูงกว่าราคาขายปกติ 40-45% เพื่อครอบคลุม GP 30% และยังมีกำไร
A16: 2️⃣ ใส่รูปสวย, ใช้ชื่อเมนูที่ดึงดูด เช่น 'Croffle สุดพรีเมี่ยม' — รูปภาพสำคัญมาก
A17: 3️⃣ เปิดขายช่วง 10.00-14.00 และ 14.00-18.00 (ช่วง afternoon snack ขายดีสุด)
A18: 4️⃣ ตั้ง MOQ (ยอดสั่งขั้นต่ำ) ไว้ที่ 1 กล่อง แต่ทำโปรซื้อ 2+ กล่อง ได้ส่วนลด
A19: 5️⃣ ค่าส่งควรชาร์จลูกค้า หรือตั้งราคาให้ครอบคลุม — ห้ามให้แอปเป็นคนจ่ายแทน
A20: 6️⃣ ขอ review หลังส่งของทุกครั้ง เพราะ rating ช่วยให้ติดหน้าแรกของแอป

Sheet 🎁 โปรโมชั่น
A1: 🥐 CROFFLE — แผนโปรโมชั่น & กลยุทธ์การขาย
A2: โปรโมชั่น | B2: รายละเอียด | C2: ตัวเลขที่เกี่ยวข้อง | D2: เหตุผล / ประโยชน์
A3: 🎁 ซื้อ 2 จ่าย 1.8 | B3: ซื้อ 2 กล่อง ลด 10% | C3: ราคาปกติ 2 กล่อง: 90฿ → โปรได้: 81฿ ต้นทุน: 36.62฿ กำไร: 44.38฿ (54.8%) | D3: กระตุ้นยอด, ดึงลูกค้าให้ซื้อเพิ่ม
A4: ☀️ Happy Hour | B4: ช่วง 14.00-16.00 ลด 15% | C4: ออริจินัล: 45฿ → 38฿ ช่วยระบายสต๊อก ลดการทิ้งของ | D4: ขายออกช่วงงานเบา ลดของเหลือ
A5: 🎉 เซตคู่คละรส | B5: ออริ + นูเทลา หรือ ออริ + เนยถั่ว ราคาพิเศษ | C5: ออริ+นูเทลา ปกติ: 65฿ → โปร: 59฿ กำไร: 33.19฿ (56.3%) | D5: ให้ลูกค้าได้ลอง 2 รส, เพิ่มโอกาสซื้อซ้ำ
A6: 📦 แพ็ค 3 กล่อง | B6: ซื้อ 3 กล่อง รับส่วนลด 20฿ | C6: ออริจินัล ×3: ปกติ 135฿ → 115฿ กำไร: 60.07฿ (52.2%) | D6: เหมาะกับกลุ่มออฟฟิศ/ครอบครัว
A7: 🆓 ฟรีแผ่นรอง Extra | B7: ซื้อ 1 กล่อง รับ topping คาราเมลพิเศษฟรี | C7: ต้นทุนเพิ่ม: ≈0.40฿ แต่ดูพรีเมี่ยม | D7: เพิ่ม perceived value โดยต้นทุนต่ำมาก
A8: 📲 First Order | B8: สั่งครั้งแรกผ่านแอปลด 20% | C8: ออริจินัล: 65฿ → 52฿ ยังมีกำไรแม้หักค่า GP แล้ว | D8: ดึงลูกค้าใหม่ในแอปเดลิเวอรี่
A9: ⭐ Loyalty Card | B9: ซื้อ 10 กล่อง ฟรี 1 กล่อง | C9: ต้นทุนฟรี: 18.31฿ / 10 กล่อง = 1.83฿/กล่อง ลด margin ลงแค่ 4% | D9: สร้าง loyalty, ลูกค้าประจำ
A10: 🌅 Pre-order จอง | B10: จองล่วงหน้าได้ส่วนลด 5฿ | C10: ช่วยวางแผนการผลิต ลดของเสีย | D10: ควบคุม supply ได้ดีขึ้น
